{"cameraMode":{"drawMode":0,"name":"Shaded","section":"Shading Mode"},"sceneLighting":true,"audioPlay":false,"sceneViewState":{"showFog":true,"showMaterialUpdate":false,"showSkybox":true,"showFlares":true,"showImageEffects":true,"showParticleSystems":true},"in2DMode":false,"pivot":{"x":10.0830078125,"y":3.761474609375,"z":35.3104248046875},"rotation":{"x":-0.09531047195196152,"y":0.8341318368911743,"z":-0.15262354910373689,"w":-0.5216588377952576},"size":3.1782891750335695,"orthographic":true}