{"cameraMode":{"drawMode":0,"name":"Shaded","section":"Shading Mode"},"sceneLighting":true,"audioPlay":false,"sceneViewState":{"showFog":true,"showMaterialUpdate":false,"showSkybox":true,"showFlares":true,"showImageEffects":true,"showParticleSystems":true},"in2DMode":false,"pivot":{"x":0.900390625,"y":0.88275146484375,"z":0.2949676513671875},"rotation":{"x":-0.3299540877342224,"y":0.3419802784919739,"z":-0.1297605186700821,"w":-0.8703640699386597},"size":3.353590726852417,"orthographic":true}