{"cameraMode":{"drawMode":0,"name":"Shaded","section":"Shading Mode"},"sceneLighting":false,"audioPlay":false,"sceneViewState":{"showFog":true,"showMaterialUpdate":false,"showSkybox":false,"showFlares":true,"showImageEffects":true,"showParticleSystems":true},"in2DMode":false,"pivot":{"x":1.78125,"y":0.7300000190734863,"z":32.720001220703128},"rotation":{"x":-0.011708153411746025,"y":0.9740142226219177,"z":-0.22077937424182893,"w":-0.052038226276636127},"size":4.041658401489258,"orthographic":true}