{"cameraMode":{"drawMode":0,"name":"Shaded","section":"Shading Mode"},"sceneLighting":true,"audioPlay":false,"sceneViewState":{"showFog":true,"showMaterialUpdate":false,"showSkybox":true,"showFlares":true,"showImageEffects":true,"showParticleSystems":true},"in2DMode":false,"pivot":{"x":7.7050323486328129,"y":-1.3729467391967774,"z":-4.029563903808594},"rotation":{"x":-0.13267099857330323,"y":-0.4804460108280182,"z":0.07378948479890824,"w":-0.8637953996658325},"size":27.446842193603517,"orthographic":false}