{"cameraMode":{"drawMode":0,"name":"Shaded","section":"Shading Mode"},"sceneLighting":false,"audioPlay":false,"sceneViewState":{"showFog":true,"showMaterialUpdate":false,"showSkybox":false,"showFlares":true,"showImageEffects":true,"showParticleSystems":true},"in2DMode":false,"pivot":{"x":5.5390472412109379,"y":0.16399383544921876,"z":0.3759422302246094},"rotation":{"x":-0.19414691627025605,"y":-0.1833103746175766,"z":0.036867283284664157,"w":-0.9631260633468628},"size":0.8573653101921082,"orthographic":true}