{"cameraMode":{"drawMode":0,"name":"Shaded","section":"Shading Mode"},"sceneLighting":true,"audioPlay":false,"sceneViewState":{"showFog":true,"showMaterialUpdate":false,"showSkybox":true,"showFlares":true,"showImageEffects":true,"showParticleSystems":true},"in2DMode":false,"pivot":{"x":2.2327795028686525,"y":-12.197643280029297,"z":19.387142181396486},"rotation":{"x":-0.25309571623802187,"y":0.012486368417739869,"z":-0.0032666942570358516,"w":-0.9673628211021423},"size":39.670291900634769,"orthographic":false}