{"cameraMode":{"drawMode":0,"name":"Shaded","section":"Shading Mode"},"sceneLighting":false,"audioPlay":false,"sceneViewState":{"showFog":true,"showMaterialUpdate":false,"showSkybox":false,"showFlares":true,"showImageEffects":true,"showParticleSystems":true},"in2DMode":false,"pivot":{"x":5.5390472412109379,"y":0.16399383544921876,"z":0.3759422302246094},"rotation":{"x":-0.03468257188796997,"y":0.9539061188697815,"z":-0.121731698513031,"w":-0.2726200520992279},"size":0.28578877449035647,"orthographic":true}